Frequency (Hz),Magnitude
499.49024433116546,214.55253812623042
1499.4707134626278,145.28465821768634
2499.45118259409,88.2634335969816
3499.4316517255525,92.80704310016633
4499.412120857015,81.22526429877028
5499.392589988477,50.616339129074156
6499.37305911994,43.75731051893363
7499.353528251402,45.20436191965299
8499.333997382864,45.023194562773654
9499.314466514326,41.39745775334217
10499.294935645787,55.86118758968261
11499.27540477725,50.112521226095616
12499.255873908713,44.75213122995582
13499.236343040177,36.8019551389956
14499.216812171639,33.6694295679455
15499.1972813031,24.16086159019859
16499.177750434563,16.39713726371493
17499.158219566023,13.792775083743493
18499.138688697487,16.10608667028533
19499.11915782895,12.120887349576158
20499.09962696041,3.380253311330142
21499.080096091875,0.45626530780261715
22499.060565223335,0.11122739213144944
23499.0410343548,0.10265015874642036
24499.02150348626,0.10126584181611917
