Frequency (Hz),Magnitude
499.49024433116546,181.16827209307792
1499.4707134626278,122.57637432831679
2499.45118259409,100.98730030714626
3499.4316517255525,108.3887867762323
4499.412120857015,98.92285148599159
5499.392589988477,55.68648526629008
6499.37305911994,50.54215555155954
7499.353528251402,52.61113589539398
8499.333997382864,52.56931032595563
9499.314466514326,86.02517430715582
10499.294935645787,72.09156393435931
11499.27540477725,62.26451925757016
12499.255873908713,56.52808941990335
13499.236343040177,44.17824479937998
14499.216812171639,39.62964278769521
15499.1972813031,29.31712225719762
16499.177750434563,20.293042693308657
17499.158219566023,17.172426644140778
18499.138688697487,20.90566725662803
19499.11915782895,14.73437723956466
20499.09962696041,4.130184992351638
21499.080096091875,0.640329254273332
22499.060565223335,0.3705872878882258
23499.0410343548,0.3688444422664671
24499.02150348626,0.3694357529146023
