Frequency (Hz),Magnitude
499.49024433116546,185.3289211212882
1499.4707134626278,115.00106412931093
2499.45118259409,95.54327882039952
3499.4316517255525,101.72553239002701
4499.412120857015,90.59138651627198
5499.392589988477,58.313307150583555
6499.37305911994,49.001082461062516
7499.353528251402,47.67693435527249
8499.333997382864,50.50731605679954
9499.314466514326,85.22198272788795
10499.294935645787,72.9568191737223
11499.27540477725,63.353012672201814
12499.255873908713,54.17718832126721
13499.236343040177,45.773913766873726
14499.216812171639,40.75386185170864
15499.1972813031,29.85488049053921
16499.177750434563,19.76566586286145
17499.158219566023,17.124052095682412
18499.138688697487,19.210198955129528
19499.11915782895,14.509064069942436
20499.09962696041,3.9944413749406262
21499.080096091875,0.6167716743889526
22499.060565223335,0.30564820933993514
23499.0410343548,0.28642230867684115
24499.02150348626,0.2791255158212489
