Frequency (Hz),Magnitude
499.49024433116546,176.2470805849594
1499.4707134626278,133.41301790016357
2499.45118259409,93.77342125490131
3499.4316517255525,94.22115135339146
4499.412120857015,85.91556574496694
5499.392589988477,58.511601896703404
6499.37305911994,49.536393829295676
7499.353528251402,47.944434637232334
8499.333997382864,49.04336816259937
9499.314466514326,55.880793589573244
10499.294935645787,62.60343997332307
11499.27540477725,57.43333988209517
12499.255873908713,50.04078895864242
13499.236343040177,40.58908559701324
14499.216812171639,36.86594219541883
15499.1972813031,27.289350249086365
16499.177750434563,18.31048868090399
17499.158219566023,16.044359343881467
18499.138688697487,17.68454678739259
19499.11915782895,13.065847583291074
20499.09962696041,3.7095459636710766
21499.080096091875,0.5823953098071903
22499.060565223335,0.3068972693267835
23499.0410343548,0.2997452185941276
24499.02150348626,0.29701062620425184
