Frequency (Hz),Magnitude
499.49024433116546,230.03506973807558
1499.4707134626278,152.1459601554846
2499.45118259409,86.87743774320356
3499.4316517255525,95.24814145019634
4499.412120857015,81.37178899599314
5499.392589988477,51.668836759689505
6499.37305911994,44.62547126617139
7499.353528251402,42.602072190109446
8499.333997382864,46.33868571772771
9499.314466514326,43.71212906776078
10499.294935645787,55.2590898518181
11499.27540477725,50.8368502533446
12499.255873908713,45.296658973582474
13499.236343040177,36.396674892481215
14499.216812171639,32.87018697695533
15499.1972813031,25.096955500000877
16499.177750434563,17.997930038547864
17499.158219566023,14.659554787965176
18499.138688697487,16.93419793420755
19499.11915782895,12.657824054762667
20499.09962696041,3.3236251125684806
21499.080096091875,0.5280160209682235
22499.060565223335,0.2660900849243584
23499.0410343548,0.27415737886669705
24499.02150348626,0.2769868215612416
