Frequency (Hz),Magnitude
499.49024433116546,182.44786846253342
1499.4707134626278,122.7986553626735
2499.45118259409,97.00101263320431
3499.4316517255525,92.31575703635323
4499.412120857015,85.25587421298731
5499.392589988477,54.52751708067805
6499.37305911994,48.972335977099895
7499.353528251402,46.76964953293083
8499.333997382864,45.04899165516485
9499.314466514326,50.834664787855
10499.294935645787,63.260342699212586
11499.27540477725,53.198462106174176
12499.255873908713,48.72540358210872
13499.236343040177,39.75265137424908
14499.216812171639,38.06930456773186
15499.1972813031,26.994668716630876
16499.177750434563,17.190208749001666
17499.158219566023,16.623907591410564
18499.138688697487,17.633882047366395
19499.11915782895,14.376369119567498
20499.09962696041,4.200110095560937
21499.080096091875,0.6183491151423798
22499.060565223335,0.3538639741789461
23499.0410343548,0.34577605678559353
24499.02150348626,0.34269807182889295
