Frequency (Hz),Magnitude
499.49024433116546,191.57504375714734
1499.4707134626278,125.98271309967708
2499.45118259409,98.08655995240541
3499.4316517255525,99.04583546072949
4499.412120857015,88.084971814338
5499.392589988477,56.24262163212699
6499.37305911994,48.948623580594486
7499.353528251402,49.23733300066132
8499.333997382864,51.10290127867526
9499.314466514326,51.93835064054982
10499.294935645787,60.77731947577983
11499.27540477725,57.400422903104044
12499.255873908713,46.86193184680958
13499.236343040177,41.15575092088104
14499.216812171639,38.524604590716955
15499.1972813031,28.72560410972686
16499.177750434563,18.626533202534453
17499.158219566023,15.877828087176704
18499.138688697487,17.73549649649755
19499.11915782895,12.707465297067273
20499.09962696041,3.7922350410604255
21499.080096091875,0.4864959075498976
22499.060565223335,0.06203621466136036
23499.0410343548,0.04987234656512561
24499.02150348626,0.04894092602326222
