Frequency (Hz),Magnitude
499.49024433116546,183.60369466501692
1499.4707134626278,117.96365058559584
2499.45118259409,96.87333674333786
3499.4316517255525,105.70789381567599
4499.412120857015,94.85264155098197
5499.392589988477,55.73427266639308
6499.37305911994,53.33404823257224
7499.353528251402,48.5137897028655
8499.333997382864,51.110862790727
9499.314466514326,91.86506475274439
10499.294935645787,72.36711850039161
11499.27540477725,62.4406587627266
12499.255873908713,57.36704743128478
13499.236343040177,43.69402429466878
14499.216812171639,40.44104195833313
15499.1972813031,29.965398806635744
16499.177750434563,18.835516789194834
17499.158219566023,18.06889059455204
18499.138688697487,18.769742995342494
19499.11915782895,14.48555892324018
20499.09962696041,4.128865253690783
21499.080096091875,0.5814385207242083
22499.060565223335,0.2931323833515488
23499.0410343548,0.30296140089033474
24499.02150348626,0.3069213492809232
