Frequency (Hz),Magnitude
499.49024433116546,190.96649753307423
1499.4707134626278,124.42331133386337
2499.45118259409,98.4862965390567
3499.4316517255525,101.50728516895222
4499.412120857015,88.95245100780585
5499.392589988477,56.63233968475467
6499.37305911994,51.5081406567731
7499.353528251402,51.42151729729096
8499.333997382864,53.75171746058136
9499.314466514326,55.83635602283182
10499.294935645787,66.80524105214654
11499.27540477725,57.67772696109909
12499.255873908713,49.643659789790355
13499.236343040177,41.27051463341469
14499.216812171639,40.42445793110357
15499.1972813031,27.68673658200141
16499.177750434563,20.084304402434793
17499.158219566023,16.851650298976587
18499.138688697487,18.98024002729085
19499.11915782895,13.88522160556152
20499.09962696041,3.751994130625719
21499.080096091875,0.8073196645790551
22499.060565223335,0.626010409459265
23499.0410343548,0.6105005597612481
24499.02150348626,0.6026382032201182
