Frequency (Hz),Magnitude
499.49024433116546,186.07250154112546
1499.4707134626278,132.09695345733635
2499.45118259409,93.03020799251384
3499.4316517255525,96.61033219185549
4499.412120857015,83.2624997761948
5499.392589988477,51.84916280228398
6499.37305911994,47.32597855582421
7499.353528251402,45.37374713332417
8499.333997382864,53.29467764738186
9499.314466514326,58.374702438812214
10499.294935645787,60.70639746323989
11499.27540477725,51.298840594450326
12499.255873908713,47.96484603017184
13499.236343040177,38.69394181150514
14499.216812171639,36.57391573630133
15499.1972813031,25.624257521961155
16499.177750434563,18.478052374807238
17499.158219566023,16.584980391702896
18499.138688697487,16.975776371374764
19499.11915782895,13.295754614742847
20499.09962696041,4.096832373720274
21499.080096091875,0.5182295475560956
22499.060565223335,0.2617916883729652
23499.0410343548,0.26376513673217344
24499.02150348626,0.2653362592655283
