Frequency (Hz),Magnitude
499.49024433116546,170.81480891520928
1499.4707134626278,103.72636419525074
2499.45118259409,87.04008950752596
3499.4316517255525,88.89002655436443
4499.412120857015,85.4763470289555
5499.392589988477,51.38266691104563
6499.37305911994,49.39851639294339
7499.353528251402,47.81023302630218
8499.333997382864,48.11806431885999
9499.314466514326,63.516978784482994
10499.294935645787,62.1934469441503
11499.27540477725,58.33520837182988
12499.255873908713,47.37927137495578
13499.236343040177,41.87024459322887
14499.216812171639,37.91529206235622
15499.1972813031,26.459709645118348
16499.177750434563,17.9118211265395
17499.158219566023,16.829885277227973
18499.138688697487,17.450832462796125
19499.11915782895,13.921546215956814
20499.09962696041,3.9544901869634197
21499.080096091875,0.6589843831669803
22499.060565223335,0.44589350569790204
23499.0410343548,0.43875829501988634
24499.02150348626,0.4367932836806319
