Frequency (Hz),Magnitude
499.49024433116546,181.75151998343188
1499.4707134626278,116.05846018912224
2499.45118259409,93.26500754538638
3499.4316517255525,96.07788012682327
4499.412120857015,88.15002782541129
5499.392589988477,56.88307388953731
6499.37305911994,49.676734706669365
7499.353528251402,47.73787121854934
8499.333997382864,50.94802253428104
9499.314466514326,73.21580028797038
10499.294935645787,66.48797831258422
11499.27540477725,58.47088217997146
12499.255873908713,50.42762901856986
13499.236343040177,45.63255012483857
14499.216812171639,42.22653483268304
15499.1972813031,28.07556665507503
16499.177750434563,19.059453911600386
17499.158219566023,17.958765340567226
18499.138688697487,19.177008784726603
19499.11915782895,13.562023487707261
20499.09962696041,3.767877133292942
21499.080096091875,0.5642420752022269
22499.060565223335,0.27334302409489475
23499.0410343548,0.2667804575736103
24499.02150348626,0.263435505702908
