Frequency (Hz),Magnitude
499.49024433116546,184.46282626301726
1499.4707134626278,138.4232364420893
2499.45118259409,99.68446935980583
3499.4316517255525,104.09758969142047
4499.412120857015,93.88561124139382
5499.392589988477,57.38739675597872
6499.37305911994,54.140478647804734
7499.353528251402,52.5914636005335
8499.333997382864,51.3210460966188
9499.314466514326,55.71154694846874
10499.294935645787,66.64246817384372
11499.27540477725,59.358718450548025
12499.255873908713,50.165491427319346
13499.236343040177,45.320631450065676
14499.216812171639,40.52404912575433
15499.1972813031,28.55042341717129
16499.177750434563,18.244317227495355
17499.158219566023,17.81193390961732
18499.138688697487,17.09762529483051
19499.11915782895,14.10568283175971
20499.09962696041,4.146508776737338
21499.080096091875,0.5122685805549604
22499.060565223335,0.1828218978517869
23499.0410343548,0.16808943099312756
24499.02150348626,0.16170525409580022
